{"cameraMode":{"drawMode":0,"name":"Shaded","section":"Shading Mode"},"sceneLighting":true,"audioPlay":false,"sceneViewState":{"m_AlwaysRefresh":false,"showFog":true,"showSkybox":true,"showFlares":true,"showImageEffects":true,"showParticleSystems":true,"showVisualEffectGraphs":true,"m_FxEnabled":true},"in2DMode":false,"pivot":{"x":7.225691318511963,"y":4.807502746582031,"z":4.150256156921387},"rotation":{"x":-0.45673277974128725,"y":0.0018405927112326027,"z":-0.000982893630862236,"w":-0.8896244764328003},"size":7.203330993652344,"orthographic":false}